<?xml version="1.0" encoding="ISO-8859-1"?>
<questestinterop>
 <assessment ident="demo">
  <section ident="1103616702476418" title="Bandolers">
   <outcomes_processing scoremodel="SumOfScores">
    <outcomes>
     <decvar varname="SCORE" vartype="Decimal" defaultval="0"/>
    </outcomes>
    <map_output varname="SCORE"><![CDATA[SCORE]]></map_output>
   </outcomes_processing>
   <item ident="1103617307162455" title="Descripcions">
    <presentation>
     <flow>
      <material>
       <mattext texttype="text/plain"><![CDATA[Arrossega cada descripci� sota el bandoler corresponent.]]></mattext>
      </material>
      <flow>
       <material>
        <matimage imagtype="image/gif" uri="a_bandolers.gif" width="500" height="400"/>
       </material>
      </flow>
      <response_grp ident="section01_item02_res01" rcardinality="Multiple">
       <render_extension>
        <ims_render_object orientation="Row" shuffle="Yes" inside="No" align="None">
         <response_label ident="p2_source">
          <material>
           <matimage imagtype="image/gif" uri="p_tret2.gif" width="140" height="16" x0="5" y0="320"/>
          </material>
         </response_label>
         <response_label ident="p3_source">
          <material>
           <matimage imagtype="image/gif" uri="p_tret3.gif" width="140" height="16" x0="5" y0="335"/>
          </material>
         </response_label>
         <response_label ident="p4_source">
          <material>
           <matimage imagtype="image/gif" uri="p_tret4.gif" width="140" height="16" x0="5" y0="350"/>
          </material>
         </response_label>
         <response_label ident="r1_source">
          <material>
           <matimage imagtype="image/gif" uri="r_tret1.gif" width="140" height="16" x0="175" y0="305"/>
          </material>
         </response_label>
         <response_label ident="r2_source">
          <material>
           <matimage imagtype="image/gif" uri="r_tret2.gif" width="140" height="16" x0="175" y0="320"/>
          </material>
         </response_label>
         <response_label ident="r3_source">
          <material>
           <matimage imagtype="image/gif" uri="r_tret3.gif" width="140" height="16" x0="175" y0="335"/>
          </material>
         </response_label>
         <response_label ident="g1_source">
          <material>
           <matimage imagtype="image/gif" uri="g_tret1.gif" width="140" height="16" x0="340" y0="305"/>
          </material>
         </response_label>
         <response_label ident="g2_source">
          <material>
           <matimage imagtype="image/gif" uri="g_tret2.gif" width="140" height="16" x0="340" y0="320"/>
          </material>
         </response_label>
         <response_label ident="g3_source">
          <material>
           <matimage imagtype="image/gif" uri="g_tret3.gif" width="140" height="16" x0="340" y0="335"/>
          </material>
         </response_label>
         <response_label ident="p_target" rarea="Rectangle"><![CDATA[10,180,145,120]]></response_label>
         <response_label ident="r_target" rarea="Rectangle"><![CDATA[175,180,150,120]]></response_label>
         <response_label ident="g_target" rarea="Rectangle"><![CDATA[340,180,150,120]]></response_label>
        </ims_render_object>
       </render_extension>
      </response_grp>
     </flow>
    </presentation>
    <resprocessing>
     <outcomes>
      <decvar varname="SCORE" vartype="Integer"/>
      <decvar varname="CORRECT" vartype="Boolean" defaultval="False"/>
     </outcomes>
     <respcondition>
      <conditionvar>
       <and>
        <varsubset respident="section01_item02_res01"><![CDATA[r1_source,r_target]]></varsubset>
        <varsubset respident="section01_item02_res01"><![CDATA[r2_source,r_target]]></varsubset>
        <varsubset respident="section01_item02_res01"><![CDATA[r3_source,r_target]]></varsubset>
        <varsubset respident="section01_item02_res01"><![CDATA[p2_source,p_target]]></varsubset>
        <varsubset respident="section01_item02_res01"><![CDATA[p3_source,p_target]]></varsubset>
        <varsubset respident="section01_item02_res01"><![CDATA[p4_source,p_target]]></varsubset>
        <varsubset respident="section01_item02_res01"><![CDATA[g1_source,g_target]]></varsubset>
        <varsubset respident="section01_item02_res01"><![CDATA[g2_source,g_target]]></varsubset>
        <varsubset respident="section01_item02_res01"><![CDATA[g3_source,g_target]]></varsubset>
       </and>
      </conditionvar>
      <setvar varname="SCORE" action="Add"><![CDATA[1]]></setvar>
      <setvar varname="CORRECT" action="Set"><![CDATA[True]]></setvar>
     </respcondition>
     <respcondition>
      <conditionvar>
       <not>
        <and>
         <varsubset respident="section01_item02_res01"><![CDATA[r1_source,r_target]]></varsubset>
         <varsubset respident="section01_item02_res01"><![CDATA[r2_source,r_target]]></varsubset>
         <varsubset respident="section01_item02_res01"><![CDATA[r3_source,r_target]]></varsubset>
         <varsubset respident="section01_item02_res01"><![CDATA[p2_source,p_target]]></varsubset>
         <varsubset respident="section01_item02_res01"><![CDATA[p3_source,p_target]]></varsubset>
         <varsubset respident="section01_item02_res01"><![CDATA[p4_source,p_target]]></varsubset>
         <varsubset respident="section01_item02_res01"><![CDATA[g1_source,g_target]]></varsubset>
         <varsubset respident="section01_item02_res01"><![CDATA[g2_source,g_target]]></varsubset>
         <varsubset respident="section01_item02_res01"><![CDATA[g3_source,g_target]]></varsubset>
        </and>
       </not>
      </conditionvar>
      <setvar varname="SCORE" action="Add"><![CDATA[0]]></setvar>
      <setvar varname="CORRECT" action="Set"><![CDATA[False]]></setvar>
      <displayfeedback feedbacktype="Response" linkrefid="1107587525266656"/>
     </respcondition>
    </resprocessing>
    <itemfeedback ident="1107587525266656">
     <material>
      <mattext texttype="text/html"/>
     </material>
    </itemfeedback>
   </item>
  </section>
 </assessment>
</questestinterop>
